MSA Title,net migration,raw net migration,met2013,n_obs_for_median_real_wage,mean_nominal_wage,median_nominal_wage,mean_real_wage,median_real_wage,n_in,n_out,MSA 2010 Population
"Coeur d'Alene, ID",0.026203301226045892,3629,17660,754,51010.96189058765,45569,38290.189599963924,31849.142857142833,3629,0,138494
"Pueblo, CO",0.025851392215662978,4112,39380,1157,51293.636096014496,42195.88888888887,39779.82305253623,31273.910256410232,4112,0,159063
"Denver-Aurora-Lakewood, CO",0.025411227600588483,64633,19740,16501,67501.73245369707,55641,51377.74868823845,40607,64633,0,2543482
"Grand Junction, CO",0.023057053086428168,3383,24300,722,57769.731291700664,48643.41935483851,44662.31267700283,34477.203296703294,3383,0,146723
"Charlotte-Concord-Gastonia, NC-SC",0.022008902071797537,48794,16740,16300,55920.97761661639,45000,43848.53736365746,34027.631578947476,48794,0,2217012
"Huntsville, AL",0.02179155301932743,9100,26620,2036,53111.984412782265,43567.12587412587,42280.08984040772,33907.8064516129,9100,0,417593
"Winston-Salem, NC",0.02016250517097386,12916,49180,4471,51468.902218741845,42790.388888888054,41002.33896110676,32911.6666666666,12916,0,640595
"Manchester-Nashua, NH",0.019851717279603515,7955,31700,2157,71468.97149255997,63063.62962962965,53689.17290464622,46370.00000000005,7955,0,400721
"Ocean City, NJ",0.019534262067547423,1900,36140,817,62489.45973789333,50466.000000000065,45110.06300371435,33043.451612903234,1900,0,97265
"Asheville, NC",0.01902282645024926,8082,11700,2918,48769.154487464766,41566,38437.559649903575,30726.43749999998,8082,0,424858
"Eau Claire, WI",0.018771214575150016,3025,20740,1084,56912.4042374239,49978.46666666774,44963.00340435758,38567.45454545455,3025,0,161151
"Atlantic City-Hammonton, NJ",0.018269962738891782,5016,12100,1890,61292.47476305929,50177,42744.16383807215,31753.76923076919,5016,0,274549
"Providence-Warwick, RI-MA",0.016578047189871395,26539,39300,10749,66398.58026748015,55404,50221.932486611084,40103.560439560446,26539,0,1600852
"Binghamton, NY",0.015938027609494487,4012,13780,1842,55525.09373438281,46368,44308.03863693153,35993.47826086949,4012,0,251725
"Utica-Rome, NY",0.015137092222032952,4532,46540,2560,56048.003803190855,48000,44989.30702992322,37486.9999999999,4532,0,299397
"Worcester, MA-CT",0.015035224323322209,13787,49340,6128,71438.04431024897,60801.47368421034,54731.27338296163,44664.76923076923,13787,0,916980
"Syracuse, NY",0.014893363337393238,9868,45060,5658,58758.58147689114,50000,46399.80942998485,37696,9868,0,662577
"Boston-Cambridge-Newton, MA-NH",0.012104159518425658,55103,14460,22505,74668.9750703172,61823,55175.056843983286,43295.470588235694,55103,0,4552402
"Sebastian-Vero Beach, FL",0.005759700930246037,795,42680,752,50062.82865634109,38524,37652.688175115734,26027.46913580247,2908,2113,138028
"Wichita Falls, TX",0.0057102824739270084,864,48660,1065,51768.68718886518,41814,41753.31199837448,32161.42857142857,3748,2884,151306
"Punta Gorda, FL",0.00560077010588956,896,39460,906,50923.505165879236,41814,38335.09085717252,30778.307692307633,3565,2669,159978
"Harrisonburg, VA",0.005158590730507554,646,25500,952,53658.03500744253,46380.52173913043,42138.1210099785,35711.00000000001,2450,1804,125228
"Bismarck, ND",0.004757009182944466,546,13900,838,67381.13263367841,58099.53191489365,55204.028635198025,45010.678571428616,2703,2157,114778
"San Angelo, TX",0.004247784445060497,475,41660,855,52961.26187154734,40767.05042016807,42311.353942302325,30268.41860465119,2721,2246,111823
"Olympia-Tumwater, WA",0.004229695874163574,1067,36500,1581,63492.87917185802,54745,47635.92877024627,41059.908256880735,6352,5285,252264
"Colorado Springs, CO",0.004061256511253645,2622,17820,3896,57917.73348468376,49761.76271186419,43501.67119652107,35368.999999999905,22028,19406,645613
"Sheboygan, WI",0.003688088167816669,426,43100,963,60070.4693671616,54359,48517.43030128298,43109.99999999998,2346,1920,115507
"Kankakee, IL",0.0036756604289151953,417,28100,1024,64229.51638342775,54359,50427.919582361435,41079.42105263124,2153,1736,113449
"Yuba City, CA",0.0036610502600484146,611,49700,1251,57076.439039649646,46581,42255.356064753265,32785.82352941177,4686,4075,166892
"Greenville, NC",0.0036039679330113947,606,24780,884,50681.17960570503,39956.14457831326,39925.7248231994,29382.022222222204,4791,4185,168148
"North Port-Sarasota-Bradenton, FL",0.003565524341396108,2504,35840,4596,58672.2051386026,47398,44670.24102546774,34470.59999999907,14651,12147,702281
"Michigan City-La Porte, IN",0.003561592220118959,397,33140,1040,57392.72880833804,48627.62499999999,47075.12116855779,38916.862068965514,2481,2084,111467
"Vallejo-Fairfield, CA",0.003539424789037702,1463,46700,2854,72217.87904337252,60758,52505.002642886095,41498.33333333333,10133,8670,413344
"St. George, UT",0.0034536437027115085,477,41100,589,57378.758902375885,50000,43961.180808836216,37324.581818181796,3752,3275,138115
"Spokane-Spokane Valley, WA",0.0034466881287268853,1819,44060,4207,55380.682192622706,47041,42881.21366016239,34997.77419354954,12513,10694,527753
"Tyler, TX",0.0034094051899253267,715,46340,1354,55268.13244516653,43289.68965517258,43797.72568643379,32980.95833333337,5008,4293,209714
"Myrtle Beach-Conway-North Myrtle Beach, SC-NC",0.0033924219981843373,1278,34820,2807,47246.9512102625,38000,35955.72999934046,28026.720720720714,10280,9002,376722
"Lubbock, TX",0.0033080586647409775,962,31180,1911,55689.410915126595,45031.56060606037,44113.95602734975,33500.99999999976,8704,7742,290805
"Burlington, NC",0.0030966512495781803,468,15500,1439,50825.774134381434,40646.34285714302,40231.39614448811,31854.292682926913,3815,3347,151131
"Corpus Christi, TX",0.0030781087613998624,1318,18580,3626,59846.212766524164,49458.88888888887,47969.265864930014,37410.23076923063,14265,12947,428185
"Midland, TX",0.003070494314291563,435,33260,921,80196.38460920233,64958.50000000006,66344.03162547719,51165.010638297885,4319,3884,141671
"Odessa, TX",0.002909647779479326,399,36220,1077,70171.98210588006,56707.26190476191,59092.04055479586,47852.05999999995,4218,3819,137130
"Raleigh, NC",0.002818246954860282,3186,39580,6004,60009.65349465745,49008.89041095898,46836.3155185418,36972.58695652176,24941,21755,1130490
"Prescott, AZ",0.0027057379651523696,571,39140,1077,51116.49635249489,42099.09677419352,38761.32550335571,31602.275362318822,4618,4047,211033
"Mansfield, OH",0.002699337216308496,336,31900,911,49841.60605747364,43592.810810810806,40029.146888567295,34462.16666666664,3119,2783,124475
"Houma-Thibodaux, LA",0.0026852020866758256,559,26380,1584,64376.60656861195,53971.57142857163,54395.943275871155,45896.57142857149,4185,3626,208178
"La Crosse-Onalaska, WI-MN",0.002670856245090338,357,29100,618,60534.23428434715,50690,48262.62258508284,39185.0625,2514,2157,133665
"Auburn-Opelika, AL",0.0026667237088850385,374,12220,612,52336.49089620585,45824.19047619052,41265.350032708244,34152.47826086957,2613,2239,140247
"Boise City, ID",0.0026647809381391296,1643,14260,3339,54678.49582096176,46836.25688073345,42501.42142245797,34944.27586206894,15647,14004,616561
"Birmingham-Hoover, AL",0.0026612366328707935,3002,13820,6768,55117.21746396889,45621,44084.9355951806,35559.00000000004,21760,18758,1128047
"Reno, NV",0.0026162565200732457,1113,39900,3164,58868.88398685587,48501.85185185181,44680.48064482855,34828,12610,11497,425417
"Port St. Lucie, FL",0.002614906143968385,1109,38940,2309,54192.823013503425,43000,40151.267744452736,30628.51612903282,9062,7953,424107
"Goldsboro, NC",0.002585159390978854,317,24140,798,47700.335630498535,36818.00000000057,37660.00835777126,27139.315068493157,3367,3050,122623
"Yuma, AZ",0.00255937389847306,501,49740,1347,49839.97289394138,40552,38524.76695360757,30736.000000000004,5527,5026,195751
"Fayetteville-Springdale-Rogers, AR-MO",0.002538838179290334,1176,22220,2677,58838.96277670799,47594,48091.55179273358,37450.60273972607,9702,8526,463204
"Austin-Round Rock, TX",0.0025287116563702267,4340,12420,10944,63237.54774612463,50700,48397.23022253756,37045.28571428562,42925,38585,1716289
"Des Moines-West Des Moines, IA",0.002520921365159673,1436,19780,3501,64057.04820692519,55529.06250000005,51207.03595264378,43036.5,15782,14346,569633
"Cape Coral-Fort Myers, FL",0.0024840243457011995,1537,15980,4440,54035.541265622756,43699.703703703104,40922.28727912656,32050.644736841976,12884,11347,618754
"Pensacola-Ferry Pass-Brent, FL",0.00239425734591562,1075,37860,2963,52220.44586470825,42859.91803278689,40271.400220011776,31818.307692307742,9870,8795,448991
"Columbia, MO",0.0023856076536196064,388,17860,657,56067.06822763219,45621,44128.27027446116,35609.82758620687,3091,2703,162642
"Las Vegas-Henderson-Paradise, NV",0.002345653008375575,4577,29820,15511,58510.41914650534,48578.85714286026,44176.88673939939,34874.20930232573,73992,69415,1951269
"Bellingham, WA",0.002301879288058069,463,13380,1183,64920.31698206294,54755.50847457626,49797.148782464676,40191.60377358491,4241,3778,201140
"Ocala, FL",0.0022758966247909736,754,36100,1744,47187.93563405971,36853.753846153995,36583.838485168475,27113.687500000102,6061,5307,331298
"Muncie, IN",0.002158560732890857,254,34620,830,51103.74625,41819.17647058824,41870.15425,33994.29870129873,2458,2204,117671
"Ann Arbor, MI",0.002131726176147289,735,11460,1307,61381.16005781436,47022.30000000005,46652.806259033496,34254.705882352944,5505,4770,344791
"Muskegon, MI",0.002113968453086162,364,34740,1217,51572.16097832129,45575.34146341468,41440.95163979989,36027.84905660379,4242,3878,172188
"Lafayette-West Lafayette, IN",0.002041736665526862,412,29200,956,57852.60564334086,51784.24242424217,46719.67796839729,41055.57692307678,4152,3740,201789
"San Antonio-New Braunfels, TX",0.0020387321774294424,4368,41700,13734,57184.65514022071,47000,44890.505297519056,34943.249999998574,50922,46554,2142508
"Modesto, CA",0.0020254522764956177,1042,33700,3469,59011.1235670555,49676,43984.34192890076,35633.33333333334,11397,10355,514453
"Charleston, WV",0.0019993130113881573,454,16620,1279,51558.249899719216,42531,42815.10268752507,34537.69491525413,4245,3791,227078
"Lansing-East Lansing, MI",0.00183390943806084,851,29620,3078,56412.80414474217,47594,44442.1642677892,36060.45454545442,9703,8852,464036
"Lebanon, PA",0.00176689027311931,236,30140,998,62228.01106626741,55723.00000000002,49338.54511131363,43618.407407407416,2836,2600,133568
"Salisbury, MD-DE",0.0017201620109041685,643,41540,2756,58967.36394661004,48683.96666666671,45230.373729713334,36025.4736842108,6618,5975,373802
"Richmond, VA",0.0016869450484686297,2038,40060,7745,62525.03657025291,52268,48296.652639747816,38703.77777777764,25498,23460,1208101
"Deltona-Daytona Beach-Ormond Beach, FL",0.0016822268414285206,993,19660,4143,51393.39356469378,40844.28571428579,38842.819987362316,29084.20689655177,9934,8941,590289
"Tampa-St. Petersburg-Clearwater, FL",0.0015909498380127067,4428,45300,22202,56511.16310584281,45000,43057.522770627904,32603.85714285539,66827,62399,2783243
"Dallas-Fort Worth-Arlington, TX",0.0015849145391049846,10185,19100,44026,62803.17333392167,50177,48889.24873959583,37276.2608695649,159770,149585,6426214
"Medford, OR",0.0015796777654203125,321,32780,1226,48299.29615682055,38719.784313725555,34792.81217847416,26872.848484848535,5022,4701,203206
"Topeka, KS",0.0015777996322743405,369,45820,1709,57498.55989004201,49619,46202.9260872251,38153.85234899329,4575,4206,233870
"Harrisburg-Carlisle, PA",0.0015705901087401612,863,25420,3937,62624.33098617023,51520.69565217392,49142.49441142072,39437.96721311475,10645,9782,549475
"Lincoln, NE",0.0015422445946974585,466,30700,1408,59497.742188809345,51520,47056.41645318074,39726.727272727236,6507,6041,302157
"Amarillo, TX",0.001532153389988608,386,11100,2161,60191.71922541513,50000,48912.3283533857,38638.769230769234,7144,6758,251933
"Stockton-Lodi, CA",0.0015263254662880523,1046,44700,4796,62559.20585091913,52037.76923076948,46136.89770121643,36666.344827586225,14258,13212,685306
"Hickory-Lenoir-Morganton, NC",0.0015184803158439057,555,25860,2963,49375.8206852483,41216,40017.390792356375,32343.477272727287,7641,7086,365497
"Decatur, IL",0.0014805720063556262,164,19500,1093,52687.30517968057,42999.99999999997,42794.916980922804,34382.333333333314,2911,2747,110768
"Columbus, OH",0.0014732062583400194,2802,18140,10940,59478.49775851649,48609,46357.45185018016,36406.60606060811,41321,38519,1901974
"Ogden-Clearfield, UT",0.0014602476057465432,872,36260,2983,67281.4446192574,59660.00000000058,53040.62052972884,46013.866666666756,10326,9454,597159
"Toledo, OH",0.001455735318466691,888,45780,5153,55593.65568293609,46368,44486.65101736683,35843.677419354855,16017,15129,610001
"Dayton, OH",0.001440132527226137,1151,19380,5364,53160.69014637659,45000,41749.18313028252,33844.90909090916,20661,19510,799232
"Gadsden, AL",0.0014172172747294839,148,23460,729,51098.11702481538,45528.18367346938,42015.40316678864,37509.47058823529,2225,2077,104430
"Bakersfield, CA",0.0014029972690384228,1178,12540,5089,57211.68106220202,46368,43270.32167804476,33642.71428571397,19906,18728,839631
"Johnstown, PA",0.0013850319114136374,199,27780,1695,54171.64145496536,47041,44871.6356812933,38417.2571428572,1758,1559,143679
"Eugene, OR",0.0013647413388681176,480,21660,2487,53454.792520617295,44607,40012.35714868947,32024.74999999999,8338,7858,351715
"Charleston-North Charleston, SC",0.0013617069937572129,905,16700,4330,56794.44312393888,46629.38461538464,43598.6106806606,34310.000000000015,16372,15467,664607
"Montgomery, AL",0.0013616848580643784,510,33860,2165,53767.40300005576,41814,42721.52422907489,31738.457142857154,9716,9206,374536
"Beaumont-Port Arthur, TX",0.0013517200327389071,545,13140,3048,61364.83965102286,49459,51140.241893090126,38370.10526315794,8665,8120,403190
"Fort Wayne, IN",0.0013333109112879783,555,23060,2889,54808.0815316087,46368,44715.37493575467,36462.260869565296,8458,7903,416257
"Houston-The Woodlands-Sugar Land, TX",0.0013279472253301119,7862,26420,34373,62577.594626301594,49619,49080.75140447453,36626.2317073138,145882,138020,5920416
"Gulfport-Biloxi-Pascagoula, MS",0.0012948405997270044,480,25060,2128,48859.437978846654,41179.60784313743,37494.85629928617,30070.39285714298,9630,9150,370702
"Jacksonville, FL",0.001284932476018062,1729,27260,8792,58106.44888075926,47041,44661.53267763168,34513.60784313736,36033,34304,1345596
"Oklahoma City, OK",0.0012713619534759739,1593,36420,7109,58000.60799928418,48609,46558.737681937484,37772.15686274633,34992,33399,1252987
"Norwich-New London, CT",0.0012333290762803087,338,35980,1964,68434.9247191829,56708,52017.99602125234,41734.20338983055,5676,5338,274055
"Seattle-Tacoma-Bellevue, WA",0.0012050087664751154,4145,42660,21593,73202.37412825189,60758,54993.189306420354,43432.10666666571,79595,75450,3439809
"Hilton Head Island-Bluffton-Beaufort, SC",0.0011764076787337575,220,25940,1028,52335.653364632235,40552,39883.97965571205,28994.074074074073,4071,3851,187010
"Monroe, MI",0.0011445787095203952,174,33780,1117,66878.97708246525,61566.571428572206,54059.38285541119,48989.068493150924,2694,2520,152021
"Albuquerque, NM",0.00110249730293988,978,10740,4706,52893.8287334341,42332.69565217399,40496.79617366324,31383.26666666671,17331,16353,887077
"Baton Rouge, LA",0.001087872156952662,873,12940,4433,62845.37515978378,50632,51450.38758323377,39623.244444444405,13872,12999,802484
"Nashville-Davidson--Murfreesboro--Franklin, TN",0.0010820580648636356,1808,34980,12550,57283.52451275254,47041,44903.48947343777,36008.19607843158,40054,38246,1670890
"Morgantown, WV",0.0010793391360661173,140,34060,779,55174.11404042452,46635,46504.35293720003,37950.629629629686,1447,1307,129709
"Omaha-Council Bluffs, NE-IA",0.0010712428497139887,927,36540,6234,60360.70134528535,50697.84848484848,47832.70519871826,39428.444444444445,23348,22421,865350
"Virginia Beach-Norfolk-Newport News, VA-NC",0.0010579536766573913,1774,47260,11332,60180.605775737364,50690,44520.11428293576,35893.58974358848,44168,42394,1676822
"Reading, PA",0.001042674301602656,429,39740,2945,63319.020680922906,54706.657894736694,48835.20526167699,41164.255319148804,7443,7014,411442
"Columbia, SC",0.0010226707208721231,785,17900,5264,53086.37071880454,44000,41908.803092277485,33397.23076923098,15940,15155,767598
"Janesville-Beloit, WI",0.0010166468119078655,163,27500,1043,55656.03046057223,49658.666666666664,43104.956210746685,36942.499999999985,4002,3839,160331
"Kansas City, MO-KS",9.953507168018187e-4,2000,28140,13019,60330.28297443137,50690,47648.20677369606,38760.7999999996,46211,44211,2009342
"Sacramento--Roseville--Arden-Arcade, CA",9.557369108479862e-4,2054,40900,13447,63096.61439025474,51222,45859.67703786747,35700,48419,46365,2149127
"Cincinnati, OH-KY-IN",9.533808132111342e-4,2016,17140,12953,60601.22476042304,50632,48061.47386087158,38558.019999999415,44431,42415,2114580
"Tuscaloosa, AL",9.42814191743207e-4,217,46220,1253,57348.7044701082,47041,46652.66760173412,36000.13636363636,3446,3229,230162
"Springfield, OH",9.180745013843407e-4,127,44220,1255,51680.73158484645,42927.13333333328,41207.947724725396,34146.999999999935,3510,3383,138333
"Riverside-San Bernardino-Ontario, CA",9.072509302694936e-4,3833,40140,26806,62832.38585901696,51524.69677419433,45231.12999827252,35770.30487804951,80887,77054,4224851
"Santa Maria-Santa Barbara, CA",8.964484129324479e-4,380,42200,2237,67139.40420892791,55759,47602.6204372457,37313.411764705925,7157,6777,423895
"Portland-Vancouver-Hillsboro, OR-WA",8.751087708989497e-4,1948,38900,14583,63075.033227332664,52550,47061.17270767083,38008.01657458546,50508,48560,2226009
"Grand Rapids-Wyoming, MI",8.655749905454134e-4,856,24340,4296,59143.91998316117,50632,47156.48916809689,39283.991228070176,16885,16029,988938
"Springfield, MO",8.609793181776548e-4,376,44180,2443,52075.478743828855,43306.61538461554,41607.04436368623,33133.00000000008,9990,9614,436712
"Lafayette, LA",8.355650776647027e-4,390,29180,3538,60915.44158353607,46581,51194.82642098034,37918.73684210526,11150,10760,466750
"Indianapolis-Carmel-Anderson, IN",8.183795872294646e-4,1545,26900,11798,57588.793049846645,46923.16260162688,45637.73740271663,35625.5068493173,41121,39576,1887877
"Rocky Mount, NC",8.136910074019633e-4,124,40580,1094,47817.22857258097,37427.2,37888.9426854354,27658.142857142884,3122,2998,152392
"Wichita, KS",7.924947576471782e-4,500,48620,3565,54746.60266005264,45621,43547.03953254124,35190.48101265829,13217,12717,630919
"Lake Havasu City-Kingman, AZ",7.842706283156664e-4,157,29420,1346,47550.80749982862,36497,37056.135394529374,26239.17647058829,5869,5712,200186
"York-Hanover, PA",7.63267520667997e-4,332,49620,3139,66183.83657133555,58540,51527.822135996095,44599.000000000065,7854,7522,434972
"Santa Rosa, CA",7.605222804095247e-4,368,42220,3100,70497.18183677345,58132.55555555542,49765.15659465066,39286.54054054053,8430,8062,483878
"Allentown-Bethlehem-Easton, PA-NJ",7.464931262961642e-4,613,10900,5177,64602.62187291561,55404,48706.005078875256,40814.85714285756,14112,13499,821173
"Youngstown-Warren-Boardman, OH-PA",7.122998092874704e-4,403,49660,4694,50740.708635873896,42862.300000000185,41032.42798753923,33656.40540540542,10248,9845,565773
"Atlanta-Sandy Springs-Roswell, GA",7.015681533076791e-4,3709,12060,30296,58463.492502858295,47041,44745.76455819659,34132,114330,110621,5286728
"Lynchburg, VA",7.006182857414283e-4,177,31340,1679,56419.9946070026,48973.95121951254,45557.01899994469,38576.811320754765,3924,3747,252634
"State College, PA",6.883563867783623e-4,106,44300,832,61413.95636337666,54676.46551724134,48771.3495929153,43992.58333333333,1550,1444,153990
"Bremerton-Silverdale, WA",6.84896051096431e-4,172,14740,1912,67795.08158960032,60758,51153.7177718228,44094.27450980392,5809,5637,251133
"Orlando-Kissimmee-Sanford, FL",6.671629784516665e-4,1424,36740,13082,54350.018840917735,44307,40360.834070845944,31118.07692307783,48538,47114,2134411
"Lakeland-Winter Haven, FL",6.261470365972147e-4,377,29460,4604,52540.00227097909,41971.85294117671,40841.66814402403,31815.6363636365,12254,11877,602095
"Spartanburg, SC",6.065094423943715e-4,190,43900,2092,53192.08465572585,45996,43247.9596048646,36478.95522388009,7035,6845,313268
"Phoenix-Mesa-Scottsdale, AZ",5.778834488026985e-4,2423,38060,27388,60322.52307041984,49236,46468.52634139223,36298.7407407411,107869,105446,4192887
"Salt Lake City, UT",5.763540413265152e-4,627,41620,6558,67527.04188041638,58712.423529411804,52524.71717178006,44295.47058823522,23671,23044,1087873
"Owensboro, KY",5.315811489124372e-4,61,36980,812,59991.194050908234,50157.76086956519,49963.208629710185,39628.22222222222,2179,2118,114752
"Wilmington, NC",5.296527047598123e-4,135,48900,1443,53186.80936445444,41814,40124.28866704162,29273.555555555562,4780,4645,254884
"Fresno, CA",5.255521521844269e-4,489,23420,5934,51817.689633701855,40552,37929.674659822624,27656.950000000168,21416,20927,930450
"Gainesville, FL",5.108315201967647e-4,135,23540,1360,50000.516334419764,39155,37925.41650875464,27662.303030303035,4735,4600,264275
"Knoxville, TN",4.954803831555772e-4,415,28940,6212,52585.98776008846,43056.51219512245,42288.90978187751,33841.87341772153,15572,15157,837571
"Baltimore-Columbia-Towson, MD",4.947446752228104e-4,1341,12580,15148,73685.3484615792,61548.9189189083,56179.27548588678,45367.056603773504,42152,40811,2710489
"Gainesville, GA",4.841833440929632e-4,87,23580,1390,58351.33999033062,45621,46040.68150544832,34524.12903225813,3355,3268,179684
"St. Joseph, MO-KS",4.712202247720472e-4,60,41140,1087,57474.37884190864,51520,46779.444557649855,41564.73333333333,2277,2217,127329
"Philadelphia-Camden-Wilmington, PA-NJ-DE-MD",4.6719861707868263e-4,2787,37980,31209,67534.9408696244,54745,51141.62131400544,39892,77146,74359,5965343
"Rockford, IL",4.20683911845257e-4,147,40420,2497,55376.69137901426,46896.94444444457,43120.26726773141,35505.727272727374,8580,8433,349431
"Memphis, TN-MS-AR",3.947679285402116e-4,523,32820,8211,53015.255898054995,41573.77142857125,40880.61567270289,30650.535714285597,30434,29911,1324829
"Greenville-Anderson-Mauldin, SC",3.870833090647873e-4,319,24860,6118,51676.164806983834,43591.25000000056,41593.46734649106,33897.04545454548,17086,16767,824112
"Little Rock-North Little Rock-Conway, AR",3.7155755497980013e-4,260,30780,3959,54882.17975756971,43276,44020.47723848955,33750.33333333327,13993,13733,699757
"Waco, TX",3.2044688493978763e-4,81,47380,1914,53790.06804525066,45000,42798.37272547747,33501.99999999999,6046,5965,252772
"Homosassa Springs, FL",3.044549548273811e-4,43,26140,714,47004.33931342728,37546.73529411749,37196.77559128438,28641.571428571417,2586,2543,141236
"Lewiston-Auburn, ME",2.599766021058105e-4,28,30340,634,55036.79445511656,49288.92307692308,42761.59877472613,36607.04761904758,2386,2358,107702
"Bloomington, IN",2.444390124663896e-4,39,14020,551,49246.47114113673,40798.70297029703,38100.33661330592,30345.41379310345,2411,2372,159549
"Portland-South Portland, ME",2.236927589681345e-4,115,38860,2302,61592.921361258,53181.874999999425,46431.14228810148,37955.33333333332,9230,9115,514098
"Louisville/Jefferson County, KY-IN",1.7156156632473044e-4,212,31140,9108,57215.07765545812,47041,45615.94971400332,36418.833333333416,25254,25042,1235708
"Albany-Schenectady-Troy, NY",1.504508932878229e-4,131,10580,5443,66287.9810286788,55695,51617.76574202134,41945.142857142746,13563,13432,870716
"Urban Honolulu, HI",1.4897079018513293e-4,142,46520,5138,79621.32247786263,68389.63636363731,56625.20427243934,46284.43181818196,17202,17060,953207
"Erie, PA",1.4256894990839945e-4,40,21500,1990,54328.26798065296,46368,43601.75267230955,35923.09433962262,4805,4765,280566
"Salinas, CA",1.0119092076509973e-4,42,41500,3043,65175.97881321136,52677.88000000005,46363.08430371015,36006.851851851854,6237,6195,415057
"Yakima, WA",9.867163313886798e-5,24,49420,1815,53955.62270206429,44927.16842105258,42423.974247714905,34215.5663716814,5451,5427,243231
"Santa Cruz-Watsonville, CA",9.146968923173084e-5,24,42100,1309,71311.31017205521,54682,49231.285592739645,36091.54545454548,2922,2898,262382
"Naples-Immokalee-Marco Island, FL",8.397611346105996e-5,27,34940,1806,60864.14502966398,46584.72413793108,45460.63115624757,32557.473684210545,5901,5874,321520
"Pittsfield, MA",7.620847590669034e-5,10,38340,1285,55885.134725656266,48053.866666666814,42076.86369614393,34311.17241379316,1741,1731,131219
"Pittsburgh, PA",5.347400675215435e-5,126,38300,15579,60241.328606798634,50822.18518518418,49040.14694364792,40865.31578947293,34994,34868,2356285
"Oxnard-Thousand Oaks-Ventura, CA",4.0081718121066225e-5,33,37100,4846,76125.4618719639,61823,53007.16656320514,40832.04166666841,12470,12437,823318
"Visalia-Porterville, CA",3.618444114261419e-5,16,47300,3155,50950.92514091754,40505.91836734694,38086.23970572425,28911.4081632652,7678,7662,442179
"New Haven-Milford, CT",2.550792658818728e-5,22,35300,4881,66465.6020365307,53580,48524.76232761059,35632.69230769228,12825,12803,862477
"Palm Bay-Melbourne-Titusville, FL",-3.6806925591119225e-5,-20,37340,3348,52311.97578150889,42531,39673.81434331161,31015.10000000003,10896,10916,543376
"Rochester, NY",-3.890073920666574e-5,-42,40380,8516,57800.80678812529,48303.916666665544,45271.23671559763,36231.774193548306,17848,17890,1079671
"Chattanooga, TN-GA",-4.354881159080022e-5,-23,16860,3447,55373.92235033716,45621,44576.31901477325,35968.760563380114,10124,10147,528143
"Miami-Fort Lauderdale-West Palm Beach, FL",-6.0920437728620115e-5,-339,33100,36834,55798.79618647579,42834.876923077405,39350.74089218753,27998.42857142923,113365,113704,5564635
"Provo-Orem, UT",-6.26411799320438e-5,-33,39340,2894,67425.10746454487,59475.14062500002,52215.929556640665,44465.145161290326,8001,8034,526810
"Buffalo-Cheektowaga-Niagara Falls, NY",-6.693033696782677e-5,-76,15380,7516,60994.183951514555,51520,49223.77362372042,40505.26666666696,15879,15955,1135509
"Wausau, WI",-6.71326167548093e-5,-9,48140,1509,60127.00625792466,53788.272727272786,47955.794347417075,41790.33333333349,2421,2430,134063
"Monroe, LA",-7.367902018238392e-5,-13,33740,998,51222.05357311879,35480.071428571435,42059.80085186938,28745.666666666668,2352,2365,176441
"Flagstaff, AZ",-8.18324517746483e-5,-11,22380,956,59978.26661788023,53388.96610169492,47532.0185388462,40347.875,2241,2252,134421
"Cleveland-Elyria, OH",-1.0831680499123838e-4,-225,17460,15154,56548.34949105897,47000,44528.33350587388,35539,40482,40707,2077240
"St. Louis, MO-IL",-1.2160558108635037e-4,-339,41180,17703,60383.40904854843,50177,47933.24408148329,38444,57130,57469,2787701
"Fort Collins, CO",-1.2682308180088776e-4,-38,22660,1620,64727.14396908192,55000,49446.636307126835,40292.571428571675,6671,6709,299630
"Santa Fe, NM",-1.5953388360962753e-4,-23,42140,1253,52625.437496693645,41814,39847.30958048987,30538.428571428485,1913,1936,144170
"Tucson, AZ",-1.652617715857887e-4,-162,46060,6263,51629.677090455545,41505.78571428506,39415.59115054886,30342.74999999993,27127,27289,980263
"Detroit-Warren-Dearborn, MI",-1.6921734070410243e-4,-727,19820,22539,59269.56473621877,48944,46592.525775711714,36885.28205128162,78767,79494,4296250
"Oshkosh-Neenah, WI",-1.7365893385391093e-4,-29,36780,1052,60680.89427407249,52717.56862745098,48724.28608192151,41823.605095541425,2840,2869,166994
"Washington-Arlington-Alexandria, DC-VA-MD-WV",-1.907302609260939e-4,-1075,47900,27816,79050.12217925131,64915,58563.13144040003,45891.99999999924,84316,85391,5636232
"New Orleans-Metairie, LA",-1.975012312310798e-4,-235,35380,9073,55126.46713710107,42246,42580.75321380604,30819.888888888883,23092,23327,1189866
"Hartford-West Hartford-East Hartford, CT",-2.3342497119304906e-4,-283,25540,7393,69662.47892749008,58740.99999999921,52305.69383525299,42140.06666666621,17755,18038,1212381
"Bloomington, IL",-2.525076155222341e-4,-47,14010,1186,61919.97003901171,50690,49493.123953185954,39506.75000000007,2418,2465,186133
"Bridgeport-Stamford-Norwalk, CT",-2.5849967660272527e-4,-237,14860,4430,73547.86727102973,55195,51712.956329247354,35543.436619718406,10936,11173,916829
"Jackson, MI",-2.80814737157406e-4,-45,27100,1067,56889.63211727194,48000,45699.26166714978,38110.448979591834,3304,3349,160248
"Augusta-Richmond County, GA-SC",-2.921010563436383e-4,-165,12260,3172,51836.609349604696,42531,40855.555824908406,32776.51162790697,10336,10501,564873
"Akron, OH",-2.986348122866894e-4,-210,10420,4453,57576.6945901704,48930.03448275855,45810.4831275639,37655.00000000006,9132,9342,703200
"Burlington-South Burlington, VT",-3.076762866785635e-4,-65,15540,983,67790.95062272677,61114.41666666677,51412.0210514714,46061.77777777778,2651,2716,211261
"Milwaukee-Waukesha-West Allis, WI",-3.6248929885314554e-4,-564,33340,7071,60102.20463457642,50000,46288.366173645285,36501.31460674163,32611,33175,1555908
"Minneapolis-St. Paul-Bloomington, MN-WI",-3.720670234249934e-4,-1246,33460,16703,71260.83796915958,60758,55792.77097567867,45581.50000000023,63898,65144,3348859
"San Francisco-Oakland-Hayward, CA",-3.7643663512702775e-4,-1632,41860,20858,77405.56551718291,60828,55373.879470597334,40667.33333333343,52337,53969,4335391
"Jackson, MS",-3.791071409679046e-4,-215,27140,3867,51569.364608021875,40552,40907.89965815862,30946,11155,11370,567122
"Joplin, MO",-3.874246516026846e-4,-68,27900,1303,53727.93094600625,46368,43697.21787148595,37813.22222222235,3543,3611,175518
"Dover, DE",-3.8814614010227344e-4,-63,20100,1130,60219.676124430356,53580,46032.428729938576,38045.88000000011,2903,2966,162310
"Chicago-Naperville-Elgin, IL-IN-WI",-4.002703701100453e-4,-3787,16980,49361,65641.00483411796,53581,49482.19797232665,38677,151426,155213,9461105
"Clarksville, TN-KY",-4.3741007194244603e-4,-114,17300,2147,51633.09052676751,44528.636363636375,40276.57684797768,33121.63636363633,9524,9638,260625
"Decatur, AL",-4.550507381573045e-4,-70,19460,1038,53075.41500635863,45996,43546.59398050021,36872.000000000226,3192,3262,153829
"Canton-Massillon, OH",-5.291502440520051e-4,-214,15940,3123,54756.23270680133,47041,43895.83597778659,36197.87500000023,7307,7521,404422
"Trenton, NJ",-5.29312739247994e-4,-194,45940,1655,71321.9797066311,57265.6181818181,52722.180749181716,38635.43396226404,4212,4406,366513
"Greensboro-High Point, NC",-5.305325635084782e-4,-384,24660,5432,50406.75724336244,41518,39727.24876618499,31385.93749999999,14149,14533,723801
"Mobile, AL",-5.811250581125058e-4,-240,33660,2368,52704.32572512233,43199.999999999935,41684.18457813373,33367.89473684202,7563,7803,412992
"Fayetteville, NC",-6.031939254823504e-4,-221,22180,2808,47363.124978312415,39549.76923076925,36009.506332774276,28948.08333333336,10452,10673,366383
"College Station-Bryan, TX",-7.128487711011983e-4,-163,17780,900,52631.72750198477,40521.58823529411,41130.36664642974,30016.421052631576,4312,4475,228660
"New York-Newark-Jersey City, NY-NJ-PA",-7.496648764450686e-4,-14669,35620,99109,70927.14732512331,55000,50231.33044935464,36267,191851,206520,19567410
"Daphne-Fairhope-Foley, AL",-7.571393300962884e-4,-138,19300,836,52901.362481256416,41216,40916.65109304711,29845.89655172403,2600,2738,182265
"Redding, CA",-7.956077935708119e-4,-141,39820,1316,54061.53308267604,44784.21052631946,39965.75017368916,31635.941176470697,2997,3138,177223
"Springfield, IL",-8.041109577960698e-4,-169,44100,1585,57995.03520762141,46409.05263157894,46549.674950812885,36667.30882352942,4276,4445,210170
"San Jose-Sunnyvale-Santa Clara, CA",-8.182214598312057e-4,-1503,41940,8113,83303.0340960279,67836.52941176508,59230.088832164845,45393.79591836741,18863,20366,1836911
"Los Angeles-Long Beach-Anaheim, CA",-8.563519826465954e-4,-10986,31080,80832,63525.91983289037,50000,43879.5821504784,31573,186645,197631,12828837
"Barnstable Town, MA",-9.07878159045431e-4,-196,12700,1419,65693.1111223186,57702,46760.25495931679,39316.37254901962,2587,2783,215888
"El Paso, TX",-9.14039270111662e-4,-735,21340,5009,47139.531805898034,37781.74074074088,36588.60804724252,27609.89873417721,15868,16603,804123
"Bangor, ME",-9.16042436802817e-4,-141,12620,1099,55156.29191213408,49401.142857142295,43790.31575101612,37135.857142856745,2892,3033,153923
"San Luis Obispo-Paso Robles-Arroyo Grande, CA",-9.160463882924079e-4,-247,42020,1366,65580.3727537923,52717.77419354839,46394.80180863477,36333.290909090945,3624,3871,269637
"Champaign-Urbana, IL",-9.78908193935944e-4,-227,16580,1157,56993.872244576625,44531.05882352972,45085.74960636809,33015.43750000002,2411,2638,231891
"Roanoke, VA",-9.847525323364874e-4,-304,40220,2165,54769.78547247134,47370.571428571435,43454.93437073113,37118.478260869604,7663,7967,308707
"Ithaca, NY",-0.0010239848765310543,-104,27060,403,58752.668425883436,47804.80769230766,45799.22189077559,35546.37037037037,1293,1397,101564
"Glens Falls, NY",-0.001031623527221675,-133,24020,1303,56520.3441475827,49093.17647058819,43424.563172832255,37394,2292,2425,128923
"Iowa City, IA",-0.0010420353112343204,-159,26980,439,66088.19301388267,54412.66666666666,53467.81594267801,43016.15094339622,1782,1941,152586
"Wenatchee, WA",-0.0010912304750910862,-121,48300,774,57243.300626922166,48084.08823529412,45295.82582209605,37091.50769230769,1576,1697,110884
"Elkhart-Goshen, IN",-0.001093344266776001,-216,21140,1391,59309.38876561953,50000,48888.8966483709,39989.4361702128,3832,4048,197559
"San Diego-Carlsbad, CA",-0.0011155576188902382,-3453,41740,16690,65222.08619994678,53313.89610389618,45094.54678307879,35204.52500000039,55042,58495,3095313
"Parkersburg-Vienna, WV",-0.0011438067182458754,-106,37620,760,54088.72237417943,45999.875,45569.4272428884,37810.00000000003,1575,1681,92673
"El Centro, CA",-0.0011459479281261458,-200,20940,960,52435.839440060125,41836.28571428572,39706.36537016159,30372.050632911378,3182,3382,174528
"Lima, OH",-0.0012225973610706191,-130,30620,961,53697.021944847605,49408.250000000065,43705.19982583454,38757.59259259259,2542,2672,106331
"Anniston-Oxford-Jacksonville, AL",-0.0014927638902945046,-177,11500,732,49522.39887955182,40552,40520.24829131653,31758.416666666766,2492,2669,118572
"Madera, CA",-0.0015576840221389985,-235,31460,742,55167.64956938842,44263.83018867926,41436.43208328791,31580.716216216224,1738,1973,150865
"Chico, CA",-0.0015681818181818182,-345,17020,1415,53092.98424423259,42580,39273.49963612547,29276.695652173938,4335,4680,220000
"Brownsville-Harlingen, TX",-0.001592733001821673,-647,15180,2426,43227.12754662279,32972.74193548384,34555.43032048269,24921.51428571387,5640,6287,406220
"McAllen-Edinburg-Mission, TX",-0.0016740473612134714,-1297,32580,3583,42157.01547527595,30912,33252.272176848746,23265.09302325564,10972,12269,774769
"Laredo, TX",-0.001677959601125032,-420,29700,1768,48374.92447859495,37420.72093023257,36794.87931629293,26241.00000000001,3311,3731,250304
"Lancaster, PA",-0.0018712279452107537,-972,29540,3007,63007.41182849414,55000,48881.52277850207,42574.37662337663,8061,9033,519445
"Hanford-Corcoran, CA",-0.001902184570733812,-291,25260,958,57814.82939569656,48878.92307692291,44695.03565438252,35349.0975609756,3444,3735,152982
"Florence, SC",-0.0019117947520504363,-393,22500,1468,50132.812091985696,37633,41001.24708854115,29176.70731707316,3644,4037,205566
"Las Cruces, NM",-0.002036007704329623,-426,29740,848,39647.878145097595,32957.38095238092,30249.771860543835,23814.537815126056,3770,4196,209233
"Saginaw, MI",-0.0020732481053509786,-415,40980,1382,50410.30758482319,40604.42187499992,40082.79828741356,31236.0833333333,3503,3918,200169
"Blacksburg-Christiansburg-Radford, VA",-0.00210394025931765,-375,13980,862,57407.62053398058,50875.65591397852,47179.813737864075,40752.21052631579,2816,3191,178237
"Shreveport-Bossier City, LA",-0.002212313925754472,-973,43340,2635,51056.88475529903,39724,40540.08599699277,29570.365384615394,6900,7873,439811
"Kalamazoo-Portage, MI",-0.002244411171227445,-733,28020,2569,52886.98572808632,44307,41639.62564934473,34231.39080459773,7325,8058,326589
"Merced, CA",-0.002279186686109471,-583,32900,1620,55471.72873831127,42326.017241379384,42442.55933849441,30853.714285714315,5244,5827,255793
"Bend-Redmond, OR",-0.0023837751136414065,-376,13460,742,53719.5377634142,45996,39529.71839029573,31534.352941176643,3804,4180,157733
"Niles-Benton Harbor, MI",-0.002499792746774821,-392,35660,1212,53291.58551876379,44532.999999999854,42474.636114790286,34148.86666666666,3197,3589,156813
"Springfield, MA",-0.0025371237350579985,-1577,44140,3757,63945.99496833082,53313,49154.9974083111,39623.17241379265,8994,10571,621570
"Lawrence, KS",-0.0025806218757331314,-286,29940,320,56448.68990566038,42000,44049.581226415095,30960.869565217385,1731,2017,110826
"East Stroudsburg, PA",-0.0026789604455906076,-455,20700,629,62109.11808150143,55404,45037.65209835781,38936.634146341465,2050,2505,169842
"Napa, CA",-0.0028281703349843203,-386,34900,1037,75501.35044965027,60758,54201.29715776618,41832.8333333333,1860,2246,136484
"Scranton--Wilkes-Barre--Hazleton, PA",-0.0029540603692841593,-1665,42540,3794,56154.6949136117,48404,44783.246414331596,37158.27272727454,8258,9923,563631
"Jefferson City, MO",-0.003237498915270982,-485,27620,1164,57758.97709214256,50690,47663.08898285396,42302.43749999999,2495,2980,149807
"Racine, WI",-0.003285433554409236,-642,39540,939,63354.59534811599,54682,49498.423662583344,42230.89999999998,3055,3697,195408
"Jackson, TN",-0.003945819969079539,-513,27180,830,51465.08604483008,40271,41121.7129428778,31442.700000000015,932,1445,130011
"Anchorage, AK",-0.0081508110109474,-3104,11260,2039,75479.57643088388,64910.252747252765,57609.91452873984,47358.000000000124,11762,14866,380821
NA,NA,-372701,0,615378,54509.05545311151,45621,43864.19831737105,35685,1282567,1655268,NA
